Workbook

Sheet Planilha1
A1: TABELA | B1: CD/TSP | C1: UNIDADE | D1: COD. | E1: GRUPO | F1: LOCALIDADE ROTA | G1: TIPOLOGIA | H1: KM | I1: SAIDA | J1: Capacidade Veiculo
A2: COOPERTRAL / CONCARGA | B2: CONTAGEM | C2: CD MG | D2: 60 | E2: 28 | F2: 78 | G2: FIORINO | H2: 1.03 | I2: 297 | J2: 500
A3: COOPERTRAL / CONCARGA | B3: CONTAGEM | C3: CD MG | D3: 60 | E3: 28 | F3: 78 | G3: SEMI-LEVE | H3: 1.5 | I3: 500 | J3: 1500
A4: COOPERTRAL / CONCARGA | B4: CONTAGEM | C4: CD MG | D4: 60 | E4: 28 | F4: 78 | G4: 3/4 | H4: 2.68 | I4: 1000 | J4: 3500
A5: COOPERTRAL / CONCARGA | B5: CONTAGEM | C5: CD MG | D5: 60 | E5: 28 | F5: 78 | G5: SUPER 3/4 | H5: 2.78 | I5: 1075 | J5: 5000
A6: COOPERTRAL / CONCARGA | B6: CONTAGEM | C6: CD MG | D6: 60 | E6: 28 | F6: 78 | G6: TOCO | H6: 3.6 | I6: 1295 | J6: 6000
A7: COOPERTRAL / CONCARGA | B7: CONTAGEM | C7: CD MG | D7: 60 | E7: 28 | F7: 78 | G7: TRUCK | H7: 4.6 | I7: 1535 | J7: 11000
A8: COOPERTRAL / CONCARGA | B8: CONTAGEM | C8: CD MG | D8: 60 | E8: 28 | F8: 78 | G8: BI-TRUCK | H8: 5.1 | I8: 2000 | J8: 16000

Sheet as1
A1: Rota | B1: Entregas | C1: PESO | D1: Distância | E1: Equipamento | F1: Capacidade | G1: Valor NF | H1: Diaria | I1: Custo Km | J1: Custo Saida | K1: Custo Total2 | L1: Valor Frete Nf | M1: Frete/Kg | N1: Ocupação | O1: PESO - 5%
A2: PIRAPORA/JANUARIA/JANAUBA | B2: 3 | C2: 1987.457 | D2: 1505.08 | E2: 3/4 | F2: =VLOOKUP($E:$E,Planilha1!G:J,4,0) -> 3500 | G2: 97082.63 | H2: =Tabela1[[#This Row],[Entregas]]-1 -> 2 | I2: =VLOOKUP(Tabela1[[#This Row],[Equipamento]],Planilha1!$G$1:$H$8,2,0) -> 2.68 | J2: =VLOOKUP(Tabela1[[#This Row],[Equipamento]],Planilha1!G:J,3,0) -> 1000 | K2: =(Tabela1[[#This Row],[Custo Km]]*Tabela1[[#This Row],[Distância]])+(Tabela1[[#This Row],[Custo Saida]]*Tabela1[[#This Row],[Diaria]])+(Tabela1[[#This Row],[Custo Saida]]) -> 7033.6144 | L2: =Tabela1[[#This Row],[Custo Total2]]/Tabela1[[#This Row],[Valor NF]] -> 0.072449772 | M2: =Tabela1[[#This Row],[Custo Total2]]/Tabela1[[#This Row],[PESO]] -> 3.5390021 | N2: =Tabela1[[#This Row],[PESO]]/Tabela1[[#This Row],[Capacidade]] -> 0.56784486 | O2: =Tabela1[[#This Row],[PESO]]*(1-5%) -> 1888.0841
A3: SANTANA DO PARAISO/CARATINGA/TEOFILO OTONI | B3: 3 | C3: 2080.3385 | D3: 1020.76 | E3: 3/4 | F3: =VLOOKUP($E:$E,Planilha1!G:J,4,0) -> 3500 | G3: 129390.57 | H3: =Tabela1[[#This Row],[Entregas]]-1 -> 2 | I3: =VLOOKUP(Tabela1[[#This Row],[Equipamento]],Planilha1!$G$1:$H$8,2,0) -> 2.68 | J3: =VLOOKUP(Tabela1[[#This Row],[Equipamento]],Planilha1!G:J,3,0) -> 1000 | K3: =(Tabela1[[#This Row],[Custo Km]]*Tabela1[[#This Row],[Distância]])+(Tabela1[[#This Row],[Custo Saida]]*Tabela1[[#This Row],[Diaria]])+(Tabela1[[#This Row],[Custo Saida]]) -> 5735.6368 | L3: =Tabela1[[#This Row],[Custo Total2]]/Tabela1[[#This Row],[Valor NF]] -> 0.04432809 | M3: =Tabela1[[#This Row],[Custo Total2]]/Tabela1[[#This Row],[PESO]] -> 2.757069 | N3: =Tabela1[[#This Row],[PESO]]/Tabela1[[#This Row],[Capacidade]] -> 0.59438243 | O3: =Tabela1[[#This Row],[PESO]]*(1-5%) -> 1976.3216
A4: ITAUNA/DIVINOPOLIS(2 LOJAS)/BOM DESPACHO/PARA DE MINAS | B4: 5 | C4: 2340.724 | D4: 357.15 | E4: 3/4 | F4: =VLOOKUP($E:$E,Planilha1!G:J,4,0) -> 3500 | G4: 205139.05 | H4: =Tabela1[[#This Row],[Entregas]]-1 -> 4 | I4: =VLOOKUP(Tabela1[[#This Row],[Equipamento]],Planilha1!$G$1:$H$8,2,0) -> 2.68 | J4: =VLOOKUP(Tabela1[[#This Row],[Equipamento]],Planilha1!G:J,3,0) -> 1000 | K4: =(Tabela1[[#This Row],[Custo Km]]*Tabela1[[#This Row],[Distância]])+(Tabela1[[#This Row],[Custo Saida]]*Tabela1[[#This Row],[Diaria]])+(Tabela1[[#This Row],[Custo Saida]]) -> 5957.162 | L4: =Tabela1[[#This Row],[Custo Total2]]/Tabela1[[#This Row],[Valor NF]] -> 0.029039629 | M4: =Tabela1[[#This Row],[Custo Total2]]/Tabela1[[#This Row],[PESO]] -> 2.5450083 | N4: =Tabela1[[#This Row],[PESO]]/Tabela1[[#This Row],[Capacidade]] -> 0.66877829 | O4: =Tabela1[[#This Row],[PESO]]*(1-5%) -> 2223.6878
A5: UBERLANDIA(1 LOJA)/ARAPORA/ITUIUTABA | B5: 3 | C5: 2356.475 | D5: 1423.32 | E5: 3/4 | F5: =VLOOKUP($E:$E,Planilha1!G:J,4,0) -> 3500 | G5: 91250.5 | H5: =Tabela1[[#This Row],[Entregas]]-1 -> 2 | I5: =VLOOKUP(Tabela1[[#This Row],[Equipamento]],Planilha1!$G$1:$H$8,2,0) -> 2.68 | J5: =VLOOKUP(Tabela1[[#This Row],[Equipamento]],Planilha1!G:J,3,0) -> 1000 | K5: =(Tabela1[[#This Row],[Custo Km]]*Tabela1[[#This Row],[Distância]])+(Tabela1[[#This Row],[Custo Saida]]*Tabela1[[#This Row],[Diaria]])+(Tabela1[[#This Row],[Custo Saida]]) -> 6814.4976 | L5: =Tabela1[[#This Row],[Custo Total2]]/Tabela1[[#This Row],[Valor NF]] -> 0.074679017 | M5: =Tabela1[[#This Row],[Custo Total2]]/Tabela1[[#This Row],[PESO]] -> 2.8918183 | N5: =Tabela1[[#This Row],[PESO]]/Tabela1[[#This Row],[Capacidade]] -> 0.67327857 | O5: =Tabela1[[#This Row],[PESO]]*(1-5%) -> 2238.6512
A6: CURVELO/SETE LAGOAS/PEDRO LEOPOLDO/VESPASIANO | B6: 4 | C6: 2387.673 | D6: 337.93 | E6: 3/4 | F6: =VLOOKUP($E:$E,Planilha1!G:J,4,0) -> 3500 | G6: 163849.98 | H6: =Tabela1[[#This Row],[Entregas]]-1 -> 3 | I6: =VLOOKUP(Tabela1[[#This Row],[Equipamento]],Planilha1!$G$1:$H$8,2,0) -> 2.68 | J6: =VLOOKUP(Tabela1[[#This Row],[Equipamento]],Planilha1!G:J,3,0) -> 1000 | K6: =(Tabela1[[#This Row],[Custo Km]]*Tabela1[[#This Row],[Distância]])+(Tabela1[[#This Row],[Custo Saida]]*Tabela1[[#This Row],[Diaria]])+(Tabela1[[#This Row],[Custo Saida]]) -> 4905.6524 | L6: =Tabela1[[#This Row],[Custo Total2]]/Tabela1[[#This Row],[Valor NF]] -> 0.029939902 | M6: =Tabela1[[#This Row],[Custo Total2]]/Tabela1[[#This Row],[PESO]] -> 2.0545746 | N6: =Tabela1[[#This Row],[PESO]]/Tabela1[[#This Row],[Capacidade]] -> 0.68219229 | O6: =Tabela1[[#This Row],[PESO]]*(1-5%) -> 2268.2894
A7: PASSOS/POCOS/ALFENAS | B7: 3 | C7: 2570.3865 | D7: 972.56 | E7: 3/4 | F7: =VLOOKUP($E:$E,Planilha1!G:J,4,0) -> 3500 | G7: 133141.49 | H7: =Tabela1[[#This Row],[Entregas]]-1 -> 2 | I7: =VLOOKUP(Tabela1[[#This Row],[Equipamento]],Planilha1!$G$1:$H$8,2,0) -> 2.68 | J7: =VLOOKUP(Tabela1[[#This Row],[Equipamento]],Planilha1!G:J,3,0) -> 1000 | K7: =(Tabela1[[#This Row],[Custo Km]]*Tabela1[[#This Row],[Distância]])+(Tabela1[[#This Row],[Custo Saida]]*Tabela1[[#This Row],[Diaria]])+(Tabela1[[#This Row],[Custo Saida]]) -> 5606.4608 | L7: =Tabela1[[#This Row],[Custo Total2]]/Tabela1[[#This Row],[Valor NF]] -> 0.042109044 | M7: =Tabela1[[#This Row],[Custo Total2]]/Tabela1[[#This Row],[PESO]] -> 2.1811742 | N7: =Tabela1[[#This Row],[PESO]]/Tabela1[[#This Row],[Capacidade]] -> 0.73439614 | O7: =Tabela1[[#This Row],[PESO]]*(1-5%) -> 2441.8672
A8: UBERLANDIA (3 LOJAS)/ARAGUARI | B8: 4 | C8: 2644.876 | D8: 1144.66 | E8: 3/4 | F8: =VLOOKUP($E:$E,Planilha1!G:J,4,0) -> 3500 | G8: 168176.59 | H8: =Tabela1[[#This Row],[Entregas]]-1 -> 3 | I8: =VLOOKUP(Tabela1[[#This Row],[Equipamento]],Planilha1!$G$1:$H$8,2,0) -> 2.68 | J8: =VLOOKUP(Tabela1[[#This Row],[Equipamento]],Planilha1!G:J,3,0) -> 1000 | K8: =(Tabela1[[#This Row],[Custo Km]]*Tabela1[[#This Row],[Distância]])+(Tabela1[[#This Row],[Custo Saida]]*Tabela1[[#This Row],[Diaria]])+(Tabela1[[#This Row],[Custo Saida]]) -> 7067.6888 | L8: =Tabela1[[#This Row],[Custo Total2]]/Tabela1[[#This Row],[Valor NF]] -> 0.042025402 | M8: =Tabela1[[#This Row],[Custo Total2]]/Tabela1[[#This Row],[PESO]] -> 2.6722193 | N8: =Tabela1[[#This Row],[PESO]]/Tabela1[[#This Row],[Capacidade]] -> 0.75567886 | O8: =Tabela1[[#This Row],[PESO]]*(1-5%) -> 2512.6322
A9: UBA/LEOPOLDINA/JUIZ DE FORA(2 LOJAS) | B9: 4 | C9: 2724.4765 | D9: 713.81 | E9: 3/4 | F9: =VLOOKUP($E:$E,Planilha1!G:J,4,0) -> 3500 | G9: 188738.53 | H9: =Tabela1[[#This Row],[Entregas]]-1 -> 3 | I9: =VLOOKUP(Tabela1[[#This Row],[Equipamento]],Planilha1!$G$1:$H$8,2,0) -> 2.68 | J9: =VLOOKUP(Tabela1[[#This Row],[Equipamento]],Planilha1!G:J,3,0) -> 1000 | K9: =(Tabela1[[#This Row],[Custo Km]]*Tabela1[[#This Row],[Distância]])+(Tabela1[[#This Row],[Custo Saida]]*Tabela1[[#This Row],[Diaria]])+(Tabela1[[#This Row],[Custo Saida]]) -> 5913.0108 | L9: =Tabela1[[#This Row],[Custo Total2]]/Tabela1[[#This Row],[Valor NF]] -> 0.031329113 | M9: =Tabela1[[#This Row],[Custo Total2]]/Tabela1[[#This Row],[PESO]] -> 2.1703292 | N9: =Tabela1[[#This Row],[PESO]]/Tabela1[[#This Row],[Capacidade]] -> 0.77842186 | O9: =Tabela1[[#This Row],[PESO]]*(1-5%) -> 2588.2527
A10: BH DIAMANTE/NOVA LIMA | B10: 2 | C10: 2771.454 | D10: 82.59 | E10: 3/4 | F10: =VLOOKUP($E:$E,Planilha1!G:J,4,0) -> 3500 | G10: 130800 | H10: =Tabela1[[#This Row],[Entregas]]-1 -> 1 | I10: =VLOOKUP(Tabela1[[#This Row],[Equipamento]],Planilha1!$G$1:$H$8,2,0) -> 2.68 | J10: =VLOOKUP(Tabela1[[#This Row],[Equipamento]],Planilha1!G:J,3,0) -> 1000 | K10: =(Tabela1[[#This Row],[Custo Km]]*Tabela1[[#This Row],[Distância]])+(Tabela1[[#This Row],[Custo Saida]]*Tabela1[[#This Row],[Diaria]])+(Tabela1[[#This Row],[Custo Saida]]) -> 2221.3412 | L10: =Tabela1[[#This Row],[Custo Total2]]/Tabela1[[#This Row],[Valor NF]] -> 0.016982731 | M10: =Tabela1[[#This Row],[Custo Total2]]/Tabela1[[#This Row],[PESO]] -> 0.80150751 | N10: =Tabela1[[#This Row],[PESO]]/Tabela1[[#This Row],[Capacidade]] -> 0.791844 | O10: =Tabela1[[#This Row],[PESO]]*(1-5%) -> 2632.8813
A11: LAVRAS/TRES PONTAS/CAMPO BELO | B11: 3 | C11: 2824.4355 | D11: 615.44 | E11: 3/4 | F11: =VLOOKUP($E:$E,Planilha1!G:J,4,0) -> 3500 | G11: 119336.83 | H11: =Tabela1[[#This Row],[Entregas]]-1 -> 2 | I11: =VLOOKUP(Tabela1[[#This Row],[Equipamento]],Planilha1!$G$1:$H$8,2,0) -> 2.68 | J11: =VLOOKUP(Tabela1[[#This Row],[Equipamento]],Planilha1!G:J,3,0) -> 1000 | K11: =(Tabela1[[#This Row],[Custo Km]]*Tabela1[[#This Row],[Distância]])+(Tabela1[[#This Row],[Custo Saida]]*Tabela1[[#This Row],[Diaria]])+(Tabela1[[#This Row],[Custo Saida]]) -> 4649.3792 | L11: =Tabela1[[#This Row],[Custo Total2]]/Tabela1[[#This Row],[Valor NF]] -> 0.038960137 | M11: =Tabela1[[#This Row],[Custo Total2]]/Tabela1[[#This Row],[PESO]] -> 1.6461269 | N11: =Tabela1[[#This Row],[PESO]]/Tabela1[[#This Row],[Capacidade]] -> 0.80698157 | O11: =Tabela1[[#This Row],[PESO]]*(1-5%) -> 2683.2137
A12: PATOS DE MINAS (2 LOJAS)/PATROCINIO/MONTE CARMELO/UNAI | B12: 5 | C12: 2874.9945 | D12: 1510.89 | E12: 3/4 | F12: =VLOOKUP($E:$E,Planilha1!G:J,4,0) -> 3500 | G12: 119336.83 | H12: =Tabela1[[#This Row],[Entregas]]-1 -> 4 | I12: =VLOOKUP(Tabela1[[#This Row],[Equipamento]],Planilha1!$G$1:$H$8,2,0) -> 2.68 | J12: =VLOOKUP(Tabela1[[#This Row],[Equipamento]],Planilha1!G:J,3,0) -> 1000 | K12: =(Tabela1[[#This Row],[Custo Km]]*Tabela1[[#This Row],[Distância]])+(Tabela1[[#This Row],[Custo Saida]]*Tabela1[[#This Row],[Diaria]])+(Tabela1[[#This Row],[Custo Saida]]) -> 9049.1852 | L12: =Tabela1[[#This Row],[Custo Total2]]/Tabela1[[#This Row],[Valor NF]] -> 0.075828939 | M12: =Tabela1[[#This Row],[Custo Total2]]/Tabela1[[#This Row],[PESO]] -> 3.1475487 | N12: =Tabela1[[#This Row],[PESO]]/Tabela1[[#This Row],[Capacidade]] -> 0.821427 | O12: =Tabela1[[#This Row],[PESO]]*(1-5%) -> 2731.2448
A13: CONGONHAS/CONSELHEIRO LAFAIETE/BARBACENA/SÃO JOAO DEL REI | B13: 4 | C13: 2939.4805 | D13: 431.7 | E13: 3/4 | F13: =VLOOKUP($E:$E,Planilha1!G:J,4,0) -> 3500 | G13: 132280.87 | H13: =Tabela1[[#This Row],[Entregas]]-1 -> 3 | I13: =VLOOKUP(Tabela1[[#This Row],[Equipamento]],Planilha1!$G$1:$H$8,2,0) -> 2.68 | J13: =VLOOKUP(Tabela1[[#This Row],[Equipamento]],Planilha1!G:J,3,0) -> 1000 | K13: =(Tabela1[[#This Row],[Custo Km]]*Tabela1[[#This Row],[Distância]])+(Tabela1[[#This Row],[Custo Saida]]*Tabela1[[#This Row],[Diaria]])+(Tabela1[[#This Row],[Custo Saida]]) -> 5156.956 | L13: =Tabela1[[#This Row],[Custo Total2]]/Tabela1[[#This Row],[Valor NF]] -> 0.038984896 | M13: =Tabela1[[#This Row],[Custo Total2]]/Tabela1[[#This Row],[PESO]] -> 1.7543767 | N13: =Tabela1[[#This Row],[PESO]]/Tabela1[[#This Row],[Capacidade]] -> 0.83985157 | O13: =Tabela1[[#This Row],[PESO]]*(1-5%) -> 2792.5065
... A19: BH JAQUELINE/SANTA LUZIA/JOAO MONLEVADE/ITABIRITO | B19: 4 | C19: 5342.363 | D19: 277.39 | E19: SUPER 3/4 | F19: =VLOOKUP($E:$E,Planilha1!G:J,4,0) -> 5000 | G19: 104000 | H19: =Tabela1[[#This Row],[Entregas]]-1 -> 3 | I19: =VLOOKUP(Tabela1[[#This Row],[Equipamento]],Planilha1!$G$1:$H$8,2,0) -> 2.78 | J19: =VLOOKUP(Tabela1[[#This Row],[Equipamento]],Planilha1!G:J,3,0) -> 1075 | K19: =(Tabela1[[#This Row],[Custo Km]]*Tabela1[[#This Row],[Distância]])+(Tabela1[[#This Row],[Custo Saida]]*Tabela1[[#This Row],[Diaria]])+(Tabela1[[#This Row],[Custo Saida]]) -> 5071.1442 | L19: =Tabela1[[#This Row],[Custo Total2]]/Tabela1[[#This Row],[Valor NF]] -> 0.048761002 | M19: =Tabela1[[#This Row],[Custo Total2]]/Tabela1[[#This Row],[PESO]] -> 0.94923243 | N19: =Tabela1[[#This Row],[PESO]]/Tabela1[[#This Row],[Capacidade]] -> 1.0684726 | O19: =Tabela1[[#This Row],[PESO]]*(1-5%) -> 5075.2448
A42: Rota | B42: Entregas | C42: PESO | D42: Distância | E42: Equipamento | F42: Capacidade | G42: Valor NF | H42: Diaria | I42: Custo Km | J42: Custo Saida | K42: Custo Total2 | L42: Valor Frete Nf | M42: Frete/Kg | N42: Ocupação
A43: MANHUACU/MURIAE | B43: 2 | C43: 1372.85 | D43: 735.28 | E43: TOCO | F43: 6000 | G43: 34600 | H43: 1 | I43: 3.6 | J43: 1295 | K43: 5237.008 | L43: 0.15135861 | M43: 3.8146979 | N43: 0.22880833
A44: NOVA SERRANA | B44: 1 | C44: 2206.95 | D44: 237.62 | E44: TOCO | F44: 6000 | G44: 54250 | H44: 0 | I44: 3.6 | J44: 1295 | K44: 2150.432 | L44: 0.0396393 | M44: 0.9743909 | N44: 0.367825
A45: PASSOS/POCOS | B45: 2 | C45: 3454.85 | D45: 958.96 | E45: TOCO | F45: 6000 | G45: 91250.5 | H45: 1 | I45: 3.6 | J45: 1295 | K45: 6042.256 | L45: 0.066216141 | M45: 1.7489199 | N45: 0.57580833

Sheet AS COPERTRAL
A1: TRANSPORTADORA COPERTRAL
A2: Rota | B2: Entregas | C2: PESO | D2: Distância | E2: Equipamento | F2: Capacidade | G2: Diaria | H2: Custo Km | I2: Custo Saida | J2: Custo Total2 | K2: Frete/Kg | L2: Ocupação | M2: Coluna3 | N2: Coluna1 | O2: Coluna2 | Q2: Acrescimo por rota | R2: Acrescimo por loja
A3: PIRAPORA/JANUARIA/JANAUBA | B3: 3 | C3: 1987.457 | D3: 1505.08 | E3: 3/4 | F3: 3500 | G3: 2 | H3: 2.1 | I3: 774.6 | J3: 5484.468 | K3: 2.7595405 | L3: 0.56784486 | M3: 3100 | N3: =Tabela3[[#This Row],[Coluna3]]-Tabela3[[#This Row],[PESO]] -> 1112.543 | O3: =Tabela3[[#This Row],[Coluna1]]/Tabela3[[#This Row],[Entregas]] -> 370.84767 | Q3: 1112.543 | R3: 370.84767
A4: SANTANA DO PARAISO/CARATINGA/TEOFILO OTONI | B4: 3 | C4: 2080.3385 | D4: 1020.76 | E4: 3/4 | F4: 3500 | G4: 2 | H4: 2.1 | I4: 774.6 | J4: 4467.396 | K4: 2.1474371 | L4: 0.59438243 | M4: 3100 | N4: =Tabela3[[#This Row],[Coluna3]]-Tabela3[[#This Row],[PESO]] -> 1019.6615 | O4: =Tabela3[[#This Row],[Coluna1]]/Tabela3[[#This Row],[Entregas]] -> 339.88717 | Q4: 1019.6615 | R4: 339.88717
A5: ITAUNA/DIVINOPOLIS(2 LOJAS)/BOM DESPACHO/PARA DE MINAS | B5: 5 | C5: 2340.724 | D5: 357.15 | E5: 3/4 | F5: 3500 | G5: 4 | H5: 2.1 | I5: 774.6 | J5: 4623.015 | K5: 1.9750364 | L5: 0.66877829 | M5: 3100 | N5: =Tabela3[[#This Row],[Coluna3]]-Tabela3[[#This Row],[PESO]] -> 759.276 | O5: =Tabela3[[#This Row],[Coluna1]]/Tabela3[[#This Row],[Entregas]] -> 151.8552 | Q5: 759.276 | R5: 151.8552
A6: UBERLANDIA(1 LOJA)/ARAPORA/ITUIUTABA | B6: 3 | C6: 2356.475 | D6: 1423.32 | E6: 3/4 | F6: 3500 | G6: 2 | H6: 2.1 | I6: 774.6 | J6: 5312.772 | K6: 2.2545421 | L6: 0.67327857 | M6: 3100 | N6: =Tabela3[[#This Row],[Coluna3]]-Tabela3[[#This Row],[PESO]] -> 743.525 | O6: =Tabela3[[#This Row],[Coluna1]]/Tabela3[[#This Row],[Entregas]] -> 247.84167 | Q6: 743.525 | R6: 247.84167
A7: CURVELO/SETE LAGOAS/PEDRO LEOPOLDO/VESPASIANO | B7: 4 | C7: 2387.673 | D7: 337.93 | E7: 3/4 | F7: 3500 | G7: 3 | H7: 2.1 | I7: 774.6 | J7: 3808.053 | K7: 1.5948805 | L7: 0.68219229 | M7: 3100 | N7: =Tabela3[[#This Row],[Coluna3]]-Tabela3[[#This Row],[PESO]] -> 712.327 | O7: =Tabela3[[#This Row],[Coluna1]]/Tabela3[[#This Row],[Entregas]] -> 178.08175 | Q7: 712.327 | R7: 178.08175
A8: PASSOS/POCOS/ALFENAS | B8: 3 | C8: 2570.3865 | D8: 972.56 | E8: 3/4 | F8: 3500 | G8: 2 | H8: 2.1 | I8: 774.6 | J8: 4366.176 | K8: 1.6986457 | L8: 0.73439614 | M8: 3100 | N8: =Tabela3[[#This Row],[Coluna3]]-Tabela3[[#This Row],[PESO]] -> 529.6135 | O8: =Tabela3[[#This Row],[Coluna1]]/Tabela3[[#This Row],[Entregas]] -> 176.53783 | Q8: 529.6135 | R8: 176.53783
A9: UBERLANDIA (3 LOJAS)/ARAGUARI | B9: 4 | C9: 2644.876 | D9: 1144.66 | E9: 3/4 | F9: 3500 | G9: 3 | H9: 2.1 | I9: 774.6 | J9: 5502.186 | K9: 2.0803191 | L9: 0.75567886 | M9: 3100 | N9: =Tabela3[[#This Row],[Coluna3]]-Tabela3[[#This Row],[PESO]] -> 455.124 | O9: =Tabela3[[#This Row],[Coluna1]]/Tabela3[[#This Row],[Entregas]] -> 113.781 | Q9: 455.124 | R9: 113.781
A10: UBA/LEOPOLDINA/JUIZ DE FORA(2 LOJAS) | B10: 4 | C10: 2724.4765 | D10: 713.81 | E10: 3/4 | F10: 3500 | G10: 3 | H10: 2.1 | I10: 774.6 | J10: 4597.401 | K10: 1.6874438 | L10: 0.77842186 | M10: 3100 | N10: =Tabela3[[#This Row],[Coluna3]]-Tabela3[[#This Row],[PESO]] -> 375.5235 | O10: =Tabela3[[#This Row],[Coluna1]]/Tabela3[[#This Row],[Entregas]] -> 93.880875 | Q10: 375.5235 | R10: 93.880875
A11: BH DIAMANTE/NOVA LIMA | B11: 2 | C11: 2771.454 | D11: 82.59 | E11: 3/4 | F11: 3500 | G11: 1 | H11: 2.1 | I11: 774.6 | J11: 1722.639 | K11: 0.62156507 | L11: 0.791844 | M11: 3100 | N11: =Tabela3[[#This Row],[Coluna3]]-Tabela3[[#This Row],[PESO]] -> 328.546 | O11: =Tabela3[[#This Row],[Coluna1]]/Tabela3[[#This Row],[Entregas]] -> 164.273 | Q11: 328.546 | R11: 164.273
A12: LAVRAS/TRES PONTAS/CAMPO BELO | B12: 3 | C12: 2824.4355 | D12: 615.44 | E12: 3/4 | F12: 3500 | G12: 2 | H12: 2.1 | I12: 774.6 | J12: 3616.224 | K12: 1.2803351 | L12: 0.80698157 | M12: 3100 | N12: =Tabela3[[#This Row],[Coluna3]]-Tabela3[[#This Row],[PESO]] -> 275.5645 | O12: =Tabela3[[#This Row],[Coluna1]]/Tabela3[[#This Row],[Entregas]] -> 91.854833 | Q12: 275.5645 | R12: 91.854833
A13: PATOS DE MINAS (2 LOJAS)/PATROCINIO/MONTE CARMELO/UNAI | B13: 5 | C13: 2874.9945 | D13: 1510.89 | E13: 3/4 | F13: 3500 | G13: 4 | H13: 2.1 | I13: 774.6 | J13: 7045.869 | K13: 2.4507417 | L13: 0.821427 | M13: 3100 | N13: =Tabela3[[#This Row],[Coluna3]]-Tabela3[[#This Row],[PESO]] -> 225.0055 | O13: =Tabela3[[#This Row],[Coluna1]]/Tabela3[[#This Row],[Entregas]] -> 45.0011 | Q13: 225.0055 | R13: 45.0011
A14: CONGONHAS/CONSELHEIRO LAFAIETE/BARBACENA/SÃO JOAO DEL REI | B14: 4 | C14: 2939.4805 | D14: 431.7 | E14: 3/4 | F14: 3500 | G14: 3 | H14: 2.1 | I14: 774.6 | J14: 4004.97 | K14: 1.3624754 | L14: 0.83985157 | M14: 3100 | N14: =Tabela3[[#This Row],[Coluna3]]-Tabela3[[#This Row],[PESO]] -> 160.5195 | O14: =Tabela3[[#This Row],[Coluna1]]/Tabela3[[#This Row],[Entregas]] -> 40.129875 | Q14: 160.5195 | R14: 40.129875 | T14: Economia utilizando a transportadora com menor custo (Copertral)
A15: ARAXA/UBERABA (3 LOJAS) | B15: 4 | C15: 2999.8435 | D15: 959.41 | E15: 3/4 | F15: 3500 | G15: 3 | H15: 2.1 | I15: 774.6 | J15: 5113.161 | K15: 1.7044759 | L15: 0.85709814 | M15: 3100 | N15: =Tabela3[[#This Row],[Coluna3]]-Tabela3[[#This Row],[PESO]] -> 100.1565 | O15: =Tabela3[[#This Row],[Coluna1]]/Tabela3[[#This Row],[Entregas]] -> 25.039125 | Q15: 100.1565 | R15: 25.039125 | T15: Custo Km | U15: Custo Total | V15: Frete/Kg
A16: BETIM( 2 LOJAS) | B16: 2 | C16: 3141.099 | D16: 54.04 | E16: 3/4 | F16: 3500 | G16: 1 | H16: 2.1 | I16: 774.6 | J16: 1662.684 | K16: 0.52933193 | L16: 0.89745686 | M16: 3100 | N16: =Tabela3[[#This Row],[Coluna3]]-Tabela3[[#This Row],[PESO]] -> -41.099 | O16: =Tabela3[[#This Row],[Coluna1]]/Tabela3[[#This Row],[Entregas]] -> -20.5495 | Q16: 376.0595 | R16: 125.35317 | T16: =Tabela5[[#Totals],[Custo Km]]-Tabela3[[#Totals],[Custo Km]] -> 0.45777778 | U16: =Tabela5[[#Totals],[Custo Total2]]-Tabela3[[#Totals],[Custo Total2]] -> 18613.659 | V16: =Tabela5[[#Totals],[Frete/Kg]]-Tabela3[[#Totals],[Frete/Kg]] -> 0.39626583
A17: CONTAGEM (3 LOJAS) | B17: 3 | C17: 4123.9405 | D17: 39.56 | E17: SUPER 3/4 | F17: 5000 | G17: 2 | H17: 2.75 | I17: 1000 | J17: 3108.79 | K17: 0.75383968 | L17: 0.8247881 | M17: 4500 | N17: =Tabela3[[#This Row],[Coluna3]]-Tabela3[[#This Row],[PESO]] -> 376.0595 | O17: =Tabela3[[#This Row],[Coluna1]]/Tabela3[[#This Row],[Entregas]] -> 125.35317 | Q17: 214.2365 | R17: 53.559125
A18: VARGINHA/TRES CORAÇOES/POUSO ALEGRE/EXTREMA | B18: 4 | C18: 4285.7635 | D18: 979.89 | E18: SUPER 3/4 | F18: 5000 | G18: 3 | H18: 2.75 | I18: 1000 | J18: 6694.6975 | K18: 1.5620781 | L18: 0.8571527 | M18: 4500 | N18: =Tabela3[[#This Row],[Coluna3]]-Tabela3[[#This Row],[PESO]] -> 214.2365 | O18: =Tabela3[[#This Row],[Coluna1]]/Tabela3[[#This Row],[Entregas]] -> 53.559125 | Q18: 36.0355 | R18: 12.011833
A19: MONTES CLAROS (3 LOJAS) | B19: 3 | C19: 4463.9645 | D19: 837.87 | E19: SUPER 3/4 | F19: 5000 | G19: 2 | H19: 2.75 | I19: 1000 | J19: 5304.1425 | K19: 1.1882134 | L19: 0.8927929 | M19: 4500 | N19: =Tabela3[[#This Row],[Coluna3]]-Tabela3[[#This Row],[PESO]] -> 36.0355 | O19: =Tabela3[[#This Row],[Coluna1]]/Tabela3[[#This Row],[Entregas]] -> 12.011833 | Q19: =AVERAGE(Q3:Q18) -> 463.98231 | R19: =AVERAGE(R3:R18) -> 139.37095
A20: BH JAQUELINE/SANTA LUZIA/JOAO MONLEVADE/ITABIRITO | B20: 4 | C20: 5342.363 | D20: 277.39 | E20: SUPER 3/4 | F20: 5000 | G20: 3 | H20: 2.75 | I20: 1000 | J20: 4762.8225 | K20: 0.89151982 | L20: 1.0684726 | O20: =AVERAGE(O3:O19) -> 129.96387
C21: =SUBTOTAL(109,Tabela3[PESO]) -> 54859.745 | D21: =SUBTOTAL(109,Tabela3[Distância]) -> 13264.05 | G21: =SUBTOTAL(109,Tabela3[Diaria]) -> 45 | H21: =AVERAGE(Tabela3[Custo Km]) -> 2.2444444 | I21: =SUBTOTAL(109,Tabela3[Custo Saida]) -> 14844.4 | J21: =SUBTOTAL(109,Tabela3[Custo Total2]) -> 81197.466 | K21: =AVERAGE(Tabela3[Frete/Kg]) -> 1.5856901 | L21: =AVERAGE(Tabela3[Ocupação]) -> 0.7840466
A25: TRANSPORTADORA MAROSO
A26: Rota | B26: Entregas | C26: PESO | D26: Distância | E26: Equipamento | F26: Capacidade | G26: Diaria | H26: Custo Km | I26: Custo Saida | J26: Custo Total2 | K26: Frete/Kg | L26: Ocupação
A27: PIRAPORA/JANUARIA/JANAUBA | B27: 3 | C27: 1987.457 | D27: 1505.08 | E27: 3/4 | F27: 3500 | G27: 2 | H27: 2.68 | I27: 1000 | J27: 7033.6144 | K27: 3.5390021 | L27: 0.56784486
A28: SANTANA DO PARAISO/CARATINGA/TEOFILO OTONI | B28: 3 | C28: 2080.3385 | D28: 1020.76 | E28: 3/4 | F28: 3500 | G28: 2 | H28: 2.68 | I28: 1000 | J28: 5735.6368 | K28: 2.757069 | L28: 0.59438243
A29: ITAUNA/DIVINOPOLIS(2 LOJAS)/BOM DESPACHO/PARA DE MINAS | B29: 5 | C29: 2340.724 | D29: 357.15 | E29: 3/4 | F29: 3500 | G29: 4 | H29: 2.68 | I29: 1000 | J29: 5957.162 | K29: 2.5450083 | L29: 0.66877829
A30: UBERLANDIA(1 LOJA)/ARAPORA/ITUIUTABA | B30: 3 | C30: 2356.475 | D30: 1423.32 | E30: 3/4 | F30: 3500 | G30: 2 | H30: 2.68 | I30: 1000 | J30: 6814.4976 | K30: 2.8918183 | L30: 0.67327857
A31: CURVELO/SETE LAGOAS/PEDRO LEOPOLDO/VESPASIANO | B31: 4 | C31: 2387.673 | D31: 337.93 | E31: 3/4 | F31: 3500 | G31: 3 | H31: 2.68 | I31: 1000 | J31: 4905.6524 | K31: 2.0545746 | L31: 0.68219229
A32: PASSOS/POCOS/ALFENAS | B32: 3 | C32: 2570.3865 | D32: 972.56 | E32: 3/4 | F32: 3500 | G32: 2 | H32: 2.68 | I32: 1000 | J32: 5606.4608 | K32: 2.1811742 | L32: 0.73439614
A33: UBERLANDIA (3 LOJAS)/ARAGUARI | B33: 4 | C33: 2644.876 | D33: 1144.66 | E33: 3/4 | F33: 3500 | G33: 3 | H33: 2.68 | I33: 1000 | J33: 7067.6888 | K33: 2.6722193 | L33: 0.75567886
A34: UBA/LEOPOLDINA/JUIZ DE FORA(2 LOJAS) | B34: 4 | C34: 2724.4765 | D34: 713.81 | E34: 3/4 | F34: 3500 | G34: 3 | H34: 2.68 | I34: 1000 | J34: 5913.0108 | K34: 2.1703292 | L34: 0.77842186
A35: BH DIAMANTE/NOVA LIMA | B35: 2 | C35: 2771.454 | D35: 82.59 | E35: 3/4 | F35: 3500 | G35: 1 | H35: 2.68 | I35: 1000 | J35: 2221.3412 | K35: 0.80150751 | L35: 0.791844
A36: LAVRAS/TRES PONTAS/CAMPO BELO | B36: 3 | C36: 2824.4355 | D36: 615.44 | E36: 3/4 | F36: 3500 | G36: 2 | H36: 2.68 | I36: 1000 | J36: 4649.3792 | K36: 1.6461269 | L36: 0.80698157
A37: PATOS DE MINAS (2 LOJAS)/PATROCINIO/MONTE CARMELO/UNAI | B37: 5 | C37: 2874.9945 | D37: 1510.89 | E37: 3/4 | F37: 3500 | G37: 4 | H37: 2.68 | I37: 1000 | J37: 9049.1852 | K37: 3.1475487 | L37: 0.821427
A38: CONGONHAS/CONSELHEIRO LAFAIETE/BARBACENA/SÃO JOAO DEL REI | B38: 4 | C38: 2939.4805 | D38: 431.7 | E38: 3/4 | F38: 3500 | G38: 3 | H38: 2.68 | I38: 1000 | J38: 5156.956 | K38: 1.7543767 | L38: 0.83985157
... A44: BH JAQUELINE/SANTA LUZIA/JOAO MONLEVADE/ITABIRITO | B44: 4 | C44: 5342.363 | D44: 277.39 | E44: SUPER 3/4 | F44: 5000 | G44: 3 | H44: 2.78 | I44: 1075 | J44: 5071.1442 | K44: 0.94923243 | L44: 1.0684726
C45: =SUBTOTAL(109,Tabela5[PESO]) -> 54859.745 | D45: =SUBTOTAL(109,Tabela5[Distância]) -> 13264.05 | G45: =SUBTOTAL(109,Tabela5[Diaria]) -> 45 | H45: =AVERAGE(Tabela5[Custo Km]) -> 2.7022222 | I45: =SUBTOTAL(109,Tabela5[Custo Saida]) -> 18300 | J45: =SUBTOTAL(109,Tabela5[Custo Total2]) -> 99811.125 | K45: =AVERAGE(Tabela5[Frete/Kg]) -> 1.9819559 | L45: =AVERAGE(Tabela5[Ocupação]) -> 0.7840466
