Workbook

Sheet Planilha1
A1: TABELA | B1: TIPOLOGIA | C1: KM | D1: SAIDA | E1: Capacidade Veiculo
A2: COOPERTRAL | B2: FIORINO | C2: 1.03 | D2: 297 | E2: 500
A3: COOPERTRAL | B3: SEMI-LEVE | C3: 1.5 | D3: 500 | E3: 1500
A4: COOPERTRAL | B4: 3/4 | C4: 2.6 | D4: 1088 | E4: 3500
A5: COOPERTRAL | B5: SUPER 3/4 | C5: 2.75 | D5: 1000 | E5: 5000
A6: COOPERTRAL | B6: TOCO | C6: 3.6 | D6: 1295 | E6: 6000
A7: COOPERTRAL | B7: TRUCK | C7: 4.6 | D7: 1535 | E7: 11000
A8: COOPERTRAL | B8: BI-TRUCK | C8: 5.1 | D8: 2000 | E8: 16000
A9: MAROSO | B9: VUC | C9: 750 | D9: 1.7 | E9: 2500
A10: MAROSO | B10: 3/4 | C10: 1000 | D10: 2.68 | E10: 3500
A11: MAROSO | B11: SUPER 3/4 | C11: 1075 | D11: 2.78 | E11: 5000
A12: MAROSO | B12: TOCO | C12: 1075 | D12: 2.78 | E12: 6000

Sheet as1
A1: Rota | B1: Entregas | C1: Peso Bruto | D1: Peso Liquido | E1: Distância | F1: Equipamento | G1: Transportadora | H1: Capacidade | I1: Valor NF | J1: Diaria | K1: Custo Km | L1: Custo Saida | M1: Custo Total2 | N1: Valor Frete Nf | O1: Frete/Kg | P1: Ocupação
A2: PIRAPORA/JANUARIA/JANAUBA | B2: 3 | C2: 1987.457 | D2: =Tabela17[[#This Row],[Peso Bruto]]*(1-5%) -> 1888.0841 | E2: 1505.08 | F2: 3/4 | G2: COOPERTRAL | H2: =VLOOKUP($F:$F,Planilha1!B:E,4,0) -> 3500 | I2: 97082.63 | J2: =Tabela17[[#This Row],[Entregas]]-1 -> 2 | K2: =VLOOKUP(Tabela17[[#This Row],[Equipamento]],Planilha1!$B$1:$C$8,2,0) -> 2.6 | L2: =VLOOKUP(Tabela17[[#This Row],[Equipamento]],Planilha1!B:E,3,0) -> 1088 | M2: =(Tabela17[[#This Row],[Custo Km]]*Tabela17[[#This Row],[Distância]])+(Tabela17[[#This Row],[Custo Saida]]*Tabela17[[#This Row],[Diaria]])+(Tabela17[[#This Row],[Custo Saida]]) -> 7177.208 | N2: =Tabela17[[#This Row],[Custo Total2]]/Tabela17[[#This Row],[Valor NF]] -> 0.073928858 | O2: =Tabela17[[#This Row],[Custo Total2]]/Tabela17[[#This Row],[Peso Bruto]] -> 3.611252 | P2: =Tabela17[[#This Row],[Peso Bruto]]/Tabela17[[#This Row],[Capacidade]] -> 0.56784486
A3: SANTANA DO PARAISO/CARATINGA/TEOFILO OTONI | B3: 3 | C3: 2080.3385 | D3: =Tabela17[[#This Row],[Peso Bruto]]*(1-5%) -> 1976.3216 | E3: 1020.76 | F3: 3/4 | H3: =VLOOKUP($F:$F,Planilha1!B:E,4,0) -> 3500 | I3: 129390.57 | J3: =Tabela17[[#This Row],[Entregas]]-1 -> 2 | K3: =VLOOKUP(Tabela17[[#This Row],[Equipamento]],Planilha1!$B$1:$C$8,2,0) -> 2.6 | L3: =VLOOKUP(Tabela17[[#This Row],[Equipamento]],Planilha1!B:E,3,0) -> 1088 | M3: =(Tabela17[[#This Row],[Custo Km]]*Tabela17[[#This Row],[Distância]])+(Tabela17[[#This Row],[Custo Saida]]*Tabela17[[#This Row],[Diaria]])+(Tabela17[[#This Row],[Custo Saida]]) -> 5917.976 | N3: =Tabela17[[#This Row],[Custo Total2]]/Tabela17[[#This Row],[Valor NF]] -> 0.045737305 | O3: =Tabela17[[#This Row],[Custo Total2]]/Tabela17[[#This Row],[Peso Bruto]] -> 2.8447178 | P3: =Tabela17[[#This Row],[Peso Bruto]]/Tabela17[[#This Row],[Capacidade]] -> 0.59438243
A4: ITAUNA/DIVINOPOLIS(2 LOJAS)/BOM DESPACHO/PARA DE MINAS | B4: 5 | C4: 2340.724 | D4: =Tabela17[[#This Row],[Peso Bruto]]*(1-5%) -> 2223.6878 | E4: 357.15 | F4: 3/4 | H4: =VLOOKUP($F:$F,Planilha1!B:E,4,0) -> 3500 | I4: 205139.05 | J4: =Tabela17[[#This Row],[Entregas]]-1 -> 4 | K4: =VLOOKUP(Tabela17[[#This Row],[Equipamento]],Planilha1!$B$1:$C$8,2,0) -> 2.6 | L4: =VLOOKUP(Tabela17[[#This Row],[Equipamento]],Planilha1!B:E,3,0) -> 1088 | M4: =(Tabela17[[#This Row],[Custo Km]]*Tabela17[[#This Row],[Distância]])+(Tabela17[[#This Row],[Custo Saida]]*Tabela17[[#This Row],[Diaria]])+(Tabela17[[#This Row],[Custo Saida]]) -> 6368.59 | N4: =Tabela17[[#This Row],[Custo Total2]]/Tabela17[[#This Row],[Valor NF]] -> 0.031045235 | O4: =Tabela17[[#This Row],[Custo Total2]]/Tabela17[[#This Row],[Peso Bruto]] -> 2.7207778 | P4: =Tabela17[[#This Row],[Peso Bruto]]/Tabela17[[#This Row],[Capacidade]] -> 0.66877829
A5: UBERLANDIA(1 LOJA)/ARAPORA/ITUIUTABA | B5: 3 | C5: 2356.475 | D5: =Tabela17[[#This Row],[Peso Bruto]]*(1-5%) -> 2238.6512 | E5: 1423.32 | F5: 3/4 | H5: =VLOOKUP($F:$F,Planilha1!B:E,4,0) -> 3500 | I5: 91250.5 | J5: =Tabela17[[#This Row],[Entregas]]-1 -> 2 | K5: =VLOOKUP(Tabela17[[#This Row],[Equipamento]],Planilha1!$B$1:$C$8,2,0) -> 2.6 | L5: =VLOOKUP(Tabela17[[#This Row],[Equipamento]],Planilha1!B:E,3,0) -> 1088 | M5: =(Tabela17[[#This Row],[Custo Km]]*Tabela17[[#This Row],[Distância]])+(Tabela17[[#This Row],[Custo Saida]]*Tabela17[[#This Row],[Diaria]])+(Tabela17[[#This Row],[Custo Saida]]) -> 6964.632 | N5: =Tabela17[[#This Row],[Custo Total2]]/Tabela17[[#This Row],[Valor NF]] -> 0.076324316 | O5: =Tabela17[[#This Row],[Custo Total2]]/Tabela17[[#This Row],[Peso Bruto]] -> 2.9555298 | P5: =Tabela17[[#This Row],[Peso Bruto]]/Tabela17[[#This Row],[Capacidade]] -> 0.67327857
A6: CURVELO/SETE LAGOAS/PEDRO LEOPOLDO/VESPASIANO | B6: 4 | C6: 2387.673 | D6: =Tabela17[[#This Row],[Peso Bruto]]*(1-5%) -> 2268.2894 | E6: 337.93 | F6: 3/4 | H6: =VLOOKUP($F:$F,Planilha1!B:E,4,0) -> 3500 | I6: 163849.98 | J6: =Tabela17[[#This Row],[Entregas]]-1 -> 3 | K6: =VLOOKUP(Tabela17[[#This Row],[Equipamento]],Planilha1!$B$1:$C$8,2,0) -> 2.6 | L6: =VLOOKUP(Tabela17[[#This Row],[Equipamento]],Planilha1!B:E,3,0) -> 1088 | M6: =(Tabela17[[#This Row],[Custo Km]]*Tabela17[[#This Row],[Distância]])+(Tabela17[[#This Row],[Custo Saida]]*Tabela17[[#This Row],[Diaria]])+(Tabela17[[#This Row],[Custo Saida]]) -> 5230.618 | N6: =Tabela17[[#This Row],[Custo Total2]]/Tabela17[[#This Row],[Valor NF]] -> 0.031923214 | O6: =Tabela17[[#This Row],[Custo Total2]]/Tabela17[[#This Row],[Peso Bruto]] -> 2.190676 | P6: =Tabela17[[#This Row],[Peso Bruto]]/Tabela17[[#This Row],[Capacidade]] -> 0.68219229
A7: PASSOS/POCOS/ALFENAS | B7: 3 | C7: 2570.3865 | D7: =Tabela17[[#This Row],[Peso Bruto]]*(1-5%) -> 2441.8672 | E7: 972.56 | F7: 3/4 | H7: =VLOOKUP($F:$F,Planilha1!B:E,4,0) -> 3500 | I7: 133141.49 | J7: =Tabela17[[#This Row],[Entregas]]-1 -> 2 | K7: =VLOOKUP(Tabela17[[#This Row],[Equipamento]],Planilha1!$B$1:$C$8,2,0) -> 2.6 | L7: =VLOOKUP(Tabela17[[#This Row],[Equipamento]],Planilha1!B:E,3,0) -> 1088 | M7: =(Tabela17[[#This Row],[Custo Km]]*Tabela17[[#This Row],[Distância]])+(Tabela17[[#This Row],[Custo Saida]]*Tabela17[[#This Row],[Diaria]])+(Tabela17[[#This Row],[Custo Saida]]) -> 5792.656 | N7: =Tabela17[[#This Row],[Custo Total2]]/Tabela17[[#This Row],[Valor NF]] -> 0.04350752 | O7: =Tabela17[[#This Row],[Custo Total2]]/Tabela17[[#This Row],[Peso Bruto]] -> 2.2536128 | P7: =Tabela17[[#This Row],[Peso Bruto]]/Tabela17[[#This Row],[Capacidade]] -> 0.73439614
A8: UBERLANDIA (3 LOJAS)/ARAGUARI | B8: 4 | C8: 2644.876 | D8: =Tabela17[[#This Row],[Peso Bruto]]*(1-5%) -> 2512.6322 | E8: 1144.66 | F8: 3/4 | H8: =VLOOKUP($F:$F,Planilha1!B:E,4,0) -> 3500 | I8: 168176.59 | J8: =Tabela17[[#This Row],[Entregas]]-1 -> 3 | K8: =VLOOKUP(Tabela17[[#This Row],[Equipamento]],Planilha1!$B$1:$C$8,2,0) -> 2.6 | L8: =VLOOKUP(Tabela17[[#This Row],[Equipamento]],Planilha1!B:E,3,0) -> 1088 | M8: =(Tabela17[[#This Row],[Custo Km]]*Tabela17[[#This Row],[Distância]])+(Tabela17[[#This Row],[Custo Saida]]*Tabela17[[#This Row],[Diaria]])+(Tabela17[[#This Row],[Custo Saida]]) -> 7328.116 | N8: =Tabela17[[#This Row],[Custo Total2]]/Tabela17[[#This Row],[Valor NF]] -> 0.043573936 | O8: =Tabela17[[#This Row],[Custo Total2]]/Tabela17[[#This Row],[Peso Bruto]] -> 2.7706841 | P8: =Tabela17[[#This Row],[Peso Bruto]]/Tabela17[[#This Row],[Capacidade]] -> 0.75567886
A9: UBA/LEOPOLDINA/JUIZ DE FORA(2 LOJAS) | B9: 4 | C9: 2724.4765 | D9: =Tabela17[[#This Row],[Peso Bruto]]*(1-5%) -> 2588.2527 | E9: 713.81 | F9: 3/4 | H9: =VLOOKUP($F:$F,Planilha1!B:E,4,0) -> 3500 | I9: 188738.53 | J9: =Tabela17[[#This Row],[Entregas]]-1 -> 3 | K9: =VLOOKUP(Tabela17[[#This Row],[Equipamento]],Planilha1!$B$1:$C$8,2,0) -> 2.6 | L9: =VLOOKUP(Tabela17[[#This Row],[Equipamento]],Planilha1!B:E,3,0) -> 1088 | M9: =(Tabela17[[#This Row],[Custo Km]]*Tabela17[[#This Row],[Distância]])+(Tabela17[[#This Row],[Custo Saida]]*Tabela17[[#This Row],[Diaria]])+(Tabela17[[#This Row],[Custo Saida]]) -> 6207.906 | N9: =Tabela17[[#This Row],[Custo Total2]]/Tabela17[[#This Row],[Valor NF]] -> 0.032891567 | O9: =Tabela17[[#This Row],[Custo Total2]]/Tabela17[[#This Row],[Peso Bruto]] -> 2.2785684 | P9: =Tabela17[[#This Row],[Peso Bruto]]/Tabela17[[#This Row],[Capacidade]] -> 0.77842186
A10: BH DIAMANTE/NOVA LIMA | B10: 2 | C10: 2771.454 | D10: =Tabela17[[#This Row],[Peso Bruto]]*(1-5%) -> 2632.8813 | E10: 82.59 | F10: 3/4 | H10: =VLOOKUP($F:$F,Planilha1!B:E,4,0) -> 3500 | I10: 130800 | J10: =Tabela17[[#This Row],[Entregas]]-1 -> 1 | K10: =VLOOKUP(Tabela17[[#This Row],[Equipamento]],Planilha1!$B$1:$C$8,2,0) -> 2.6 | L10: =VLOOKUP(Tabela17[[#This Row],[Equipamento]],Planilha1!B:E,3,0) -> 1088 | M10: =(Tabela17[[#This Row],[Custo Km]]*Tabela17[[#This Row],[Distância]])+(Tabela17[[#This Row],[Custo Saida]]*Tabela17[[#This Row],[Diaria]])+(Tabela17[[#This Row],[Custo Saida]]) -> 2390.734 | N10: =Tabela17[[#This Row],[Custo Total2]]/Tabela17[[#This Row],[Valor NF]] -> 0.018277783 | O10: =Tabela17[[#This Row],[Custo Total2]]/Tabela17[[#This Row],[Peso Bruto]] -> 0.86262806 | P10: =Tabela17[[#This Row],[Peso Bruto]]/Tabela17[[#This Row],[Capacidade]] -> 0.791844
A11: LAVRAS/TRES PONTAS/CAMPO BELO | B11: 3 | C11: 2824.4355 | D11: =Tabela17[[#This Row],[Peso Bruto]]*(1-5%) -> 2683.2137 | E11: 615.44 | F11: 3/4 | H11: =VLOOKUP($F:$F,Planilha1!B:E,4,0) -> 3500 | I11: 119336.83 | J11: =Tabela17[[#This Row],[Entregas]]-1 -> 2 | K11: =VLOOKUP(Tabela17[[#This Row],[Equipamento]],Planilha1!$B$1:$C$8,2,0) -> 2.6 | L11: =VLOOKUP(Tabela17[[#This Row],[Equipamento]],Planilha1!B:E,3,0) -> 1088 | M11: =(Tabela17[[#This Row],[Custo Km]]*Tabela17[[#This Row],[Distância]])+(Tabela17[[#This Row],[Custo Saida]]*Tabela17[[#This Row],[Diaria]])+(Tabela17[[#This Row],[Custo Saida]]) -> 4864.144 | N11: =Tabela17[[#This Row],[Custo Total2]]/Tabela17[[#This Row],[Valor NF]] -> 0.040759789 | O11: =Tabela17[[#This Row],[Custo Total2]]/Tabela17[[#This Row],[Peso Bruto]] -> 1.722165 | P11: =Tabela17[[#This Row],[Peso Bruto]]/Tabela17[[#This Row],[Capacidade]] -> 0.80698157
A12: PATOS DE MINAS (2 LOJAS)/PATROCINIO/MONTE CARMELO/UNAI | B12: 5 | C12: 2874.9945 | D12: =Tabela17[[#This Row],[Peso Bruto]]*(1-5%) -> 2731.2448 | E12: 1510.89 | F12: 3/4 | H12: =VLOOKUP($F:$F,Planilha1!B:E,4,0) -> 3500 | I12: 119336.83 | J12: =Tabela17[[#This Row],[Entregas]]-1 -> 4 | K12: =VLOOKUP(Tabela17[[#This Row],[Equipamento]],Planilha1!$B$1:$C$8,2,0) -> 2.6 | L12: =VLOOKUP(Tabela17[[#This Row],[Equipamento]],Planilha1!B:E,3,0) -> 1088 | M12: =(Tabela17[[#This Row],[Custo Km]]*Tabela17[[#This Row],[Distância]])+(Tabela17[[#This Row],[Custo Saida]]*Tabela17[[#This Row],[Diaria]])+(Tabela17[[#This Row],[Custo Saida]]) -> 9368.314 | N12: =Tabela17[[#This Row],[Custo Total2]]/Tabela17[[#This Row],[Valor NF]] -> 0.078503124 | O12: =Tabela17[[#This Row],[Custo Total2]]/Tabela17[[#This Row],[Peso Bruto]] -> 3.2585502 | P12: =Tabela17[[#This Row],[Peso Bruto]]/Tabela17[[#This Row],[Capacidade]] -> 0.821427
A13: CONGONHAS/CONSELHEIRO LAFAIETE/BARBACENA/SÃO JOAO DEL REI | B13: 4 | C13: 2939.4805 | D13: =Tabela17[[#This Row],[Peso Bruto]]*(1-5%) -> 2792.5065 | E13: 431.7 | F13: 3/4 | H13: =VLOOKUP($F:$F,Planilha1!B:E,4,0) -> 3500 | I13: 132280.87 | J13: =Tabela17[[#This Row],[Entregas]]-1 -> 3 | K13: =VLOOKUP(Tabela17[[#This Row],[Equipamento]],Planilha1!$B$1:$C$8,2,0) -> 2.6 | L13: =VLOOKUP(Tabela17[[#This Row],[Equipamento]],Planilha1!B:E,3,0) -> 1088 | M13: =(Tabela17[[#This Row],[Custo Km]]*Tabela17[[#This Row],[Distância]])+(Tabela17[[#This Row],[Custo Saida]]*Tabela17[[#This Row],[Diaria]])+(Tabela17[[#This Row],[Custo Saida]]) -> 5474.42 | N13: =Tabela17[[#This Row],[Custo Total2]]/Tabela17[[#This Row],[Valor NF]] -> 0.04138482 | O13: =Tabela17[[#This Row],[Custo Total2]]/Tabela17[[#This Row],[Peso Bruto]] -> 1.8623767 | P13: =Tabela17[[#This Row],[Peso Bruto]]/Tabela17[[#This Row],[Capacidade]] -> 0.83985157
A14: ARAXA/UBERABA (3 LOJAS) | B14: 4 | C14: 2999.8435 | D14: =Tabela17[[#This Row],[Peso Bruto]]*(1-5%) -> 2849.8513 | E14: 959.41 | F14: 3/4 | H14: =VLOOKUP($F:$F,Planilha1!B:E,4,0) -> 3500 | I14: 166329.21 | J14: =Tabela17[[#This Row],[Entregas]]-1 -> 3 | K14: =VLOOKUP(Tabela17[[#This Row],[Equipamento]],Planilha1!$B$1:$C$8,2,0) -> 2.6 | L14: =VLOOKUP(Tabela17[[#This Row],[Equipamento]],Planilha1!B:E,3,0) -> 1088 | M14: =(Tabela17[[#This Row],[Custo Km]]*Tabela17[[#This Row],[Distância]])+(Tabela17[[#This Row],[Custo Saida]]*Tabela17[[#This Row],[Diaria]])+(Tabela17[[#This Row],[Custo Saida]]) -> 6846.466 | N14: =Tabela17[[#This Row],[Custo Total2]]/Tabela17[[#This Row],[Valor NF]] -> 0.041162139 | O14: =Tabela17[[#This Row],[Custo Total2]]/Tabela17[[#This Row],[Peso Bruto]] -> 2.2822744 | P14: =Tabela17[[#This Row],[Peso Bruto]]/Tabela17[[#This Row],[Capacidade]] -> 0.85709814
... A19: BH JAQUELINE/SANTA LUZIA/JOAO MONLEVADE/ITABIRITO | B19: 4 | C19: 5342.363 | D19: =Tabela17[[#This Row],[Peso Bruto]]*(1-5%) -> 5075.2448 | E19: 277.39 | F19: SUPER 3/4 | H19: =VLOOKUP($F:$F,Planilha1!B:E,4,0) -> 5000 | I19: 104000 | J19: =Tabela17[[#This Row],[Entregas]]-1 -> 3 | K19: =VLOOKUP(Tabela17[[#This Row],[Equipamento]],Planilha1!$B$1:$C$8,2,0) -> 2.75 | L19: =VLOOKUP(Tabela17[[#This Row],[Equipamento]],Planilha1!B:E,3,0) -> 1000 | M19: =(Tabela17[[#This Row],[Custo Km]]*Tabela17[[#This Row],[Distância]])+(Tabela17[[#This Row],[Custo Saida]]*Tabela17[[#This Row],[Diaria]])+(Tabela17[[#This Row],[Custo Saida]]) -> 4762.8225 | N19: =Tabela17[[#This Row],[Custo Total2]]/Tabela17[[#This Row],[Valor NF]] -> 0.04579637 | O19: =Tabela17[[#This Row],[Custo Total2]]/Tabela17[[#This Row],[Peso Bruto]] -> 0.89151982 | P19: =Tabela17[[#This Row],[Peso Bruto]]/Tabela17[[#This Row],[Capacidade]] -> 1.0684726
